sample,vulnerability
F,0.003626612
S1,0.004405122
S2,0.004248307
S3,0.05047144
S5,0.01998313
S7,0.0390501
S8,0.004408986
S9,0.007716245
